,accuracy,precision,recall,f1-score,support
H31_1,0.6447368421052632,0.7235326218772739,0.6447368421052632,0.6050792385740121,76.0
