,accuracy,precision,recall,f1-score,support
R3,0.5135135135135135,0.5855855855855855,0.5135135135135135,0.41145341145341147,74.0
