,accuracy,precision,recall,f1-score,support
R3,0.4875,0.48545454545454547,0.4875,0.46882591093117404,80.0
