,accuracy,precision,recall,f1-score,support
H31_1,0.5384615384615384,0.5692307692307693,0.5384615384615384,0.4807692307692308,78.0
