,accuracy,precision,recall,f1-score,support
H31_2,0.5555555555555556,0.6837606837606837,0.5555555555555556,0.4888888888888889,45.0
R2_1,0.391304347826087,0.35894843276036403,0.391304347826087,0.26563814866760166,46.0
R2_2,0.5,0.5,0.5,0.42090859332238645,46.0
R3,0.6666666666666666,0.7317073170731708,0.6666666666666666,0.6176470588235294,48.0
