,accuracy,precision,recall,f1-score,support
H31_2,0.5833333333333334,0.6330049261083744,0.5833333333333334,0.5404255319148936,36.0
R2_1,0.37777777777777777,0.34102564102564104,0.37777777777777777,0.3490196078431373,45.0
R2_2,0.35555555555555557,0.3070570570570571,0.35555555555555557,0.2856636540847068,45.0
R3,0.5,0.5119363395225465,0.5,0.4816326530612245,42.0
