,accuracy,precision,recall,f1-score,support
R3,0.6125,0.6131363922061597,0.6125,0.6119543107494914,80.0
