,accuracy,precision,recall,f1-score,support
R3,0.675,0.6767676767676768,0.675,0.6741854636591479,80.0
