,accuracy,precision,recall,f1-score,support
R3,0.525,0.631578947368421,0.525,0.4043887147335424,80.0
