,accuracy,precision,recall,f1-score,support
H31_2,0.6375,0.6375859912445279,0.6375,0.6374433505235194,80.0
R2_1,0.5625,0.5658327847267939,0.5625,0.5568919132774173,80.0
R2_2,0.6375,0.6375859912445279,0.6375,0.6374433505235194,80.0
R3,0.6125,0.6142857142857142,0.6125,0.6109803921568628,80.0
