,accuracy,precision,recall,f1-score,support
H31_2,0.6,0.619047619047619,0.6,0.5833333333333333,80.0
R2_1,0.6,0.6333333333333333,0.6,0.5733333333333335,80.0
R2_2,0.5,0.5,0.5,0.497171590194846,80.0
R3,0.65,0.6785714285714286,0.65,0.6354166666666666,80.0
