,accuracy,precision,recall,f1-score,support
H31_2,0.47058823529411764,0.2647058823529412,0.47058823529411764,0.3388235294117647,17.0
R2_1,0.5,0.5784313725490196,0.5,0.434065934065934,20.0
R2_2,0.39285714285714285,0.1746031746031746,0.39285714285714285,0.24175824175824176,28.0
R3,0.43478260869565216,0.46567505720823793,0.43478260869565216,0.3728723873357439,23.0
