,accuracy,precision,recall,f1-score,support
H31_2,0.4931506849315068,0.48103266596417277,0.4931506849315068,0.4342866365583092,73.0
R2_1,0.4305555555555556,0.3412698412698412,0.4305555555555556,0.3373737373737373,72.0
R2_2,0.4927536231884058,0.4726247987117553,0.4927536231884058,0.41204122540932714,69.0
R3,0.5205479452054794,0.567149631190727,0.5205479452054794,0.43489006434890065,73.0
