,accuracy,precision,recall,f1-score,support
H31_2,0.525,0.5900900900900901,0.525,0.42028985507246386,80.0
R2_1,0.475,0.24358974358974356,0.475,0.3220338983050847,80.0
R2_2,0.5,0.5,0.5,0.354317998385795,80.0
R3,0.5125,0.7531645569620253,0.5125,0.3605246976839517,80.0
