,accuracy,precision,recall,f1-score,support
H31_2,0.578125,0.6119318181818182,0.578125,0.5143150388936906,64.0
R2_1,0.4642857142857143,0.48065476190476186,0.4642857142857143,0.3888437309489941,56.0
R2_2,0.5081967213114754,0.5508196721311475,0.5081967213114754,0.4049434489769984,61.0
R3,0.5614035087719298,0.768288646143661,0.5614035087719298,0.46295311792387817,57.0
