,accuracy,precision,recall,f1-score,support
R3,0.6375,0.6487491548343476,0.6375,0.6305144131231089,80.0
